feature,x_val,partial_effect,ci_lo,ci_hi
x_norm,-2.501424368422079,-0.016112888459188884,-0.04581837247481924,0.013592595556441475
x_norm,-2.453724774804334,-0.022243068107247608,-0.045791893617326204,0.001305757402830992
x_norm,-2.4060251811865885,-0.02895803941196042,-0.047599801198507555,-0.010316277625413279
x_norm,-2.358325587568843,-0.036069779851129524,-0.051489774621313544,-0.020649785080945504
x_norm,-2.310625993951098,-0.043390266902557165,-0.05741283119699052,-0.02936770260812381
x_norm,-2.2629264003333525,-0.05073147804404554,-0.06463253517419014,-0.036830420913900944
x_norm,-2.215226806715607,-0.057905194721693545,-0.07201205609754402,-0.04379833334584307
x_norm,-2.167527213097862,-0.06466589904075097,-0.07867634724899034,-0.0506554508325116
x_norm,-2.1198276194801164,-0.0706314680509588,-0.0842547500117867,-0.05700818609013089
x_norm,-2.072128025862371,-0.07539985617264988,-0.08855983621606306,-0.062239876129236704
x_norm,-2.0244284322446258,-0.07856901782615698,-0.09134732206535047,-0.06579071358696349
x_norm,-1.9767288386268804,-0.07973690743181291,-0.09219448015207414,-0.06727933471155169
x_norm,-1.9290292450091353,-0.0785103163593024,-0.09053257695669231,-0.0664880557619125
x_norm,-1.88132965139139,-0.07495846208259281,-0.08635679301843777,-0.06356013114674786
x_norm,-1.8336300577736446,-0.06983084352854102,-0.08061803841106188,-0.05904364864602015
x_norm,-1.7859304641558993,-0.0639314132332051,-0.07435291360744231,-0.05350991285896789
x_norm,-1.738230870538154,-0.05806412373264308,-0.06842292684917677,-0.047705320616109395
x_norm,-1.6905312769204086,-0.05303292756291295,-0.06344422908200624,-0.042621626043819666
x_norm,-1.6428316833026633,-0.049610594929241233,-0.05989185994927432,-0.03932932990920815
x_norm,-1.595132089684918,-0.04794282749091378,-0.05787524096446384,-0.03801041401736373
x_norm,-1.5474324960671726,-0.04759458272930139,-0.05721142106856722,-0.03797774439003557
x_norm,-1.4997329024494273,-0.04810891777819492,-0.05765193874757331,-0.03856589680881653
x_norm,-1.452033308831682,-0.04902888977138524,-0.05873140500525667,-0.03932637453751381
x_norm,-1.4043337152139366,-0.0498975558426632,-0.05976280452555008,-0.04003230715977632
x_norm,-1.3566341215961915,-0.0502788440266251,-0.06003865190218824,-0.04051903615106196
x_norm,-1.3089345279784461,-0.049947770745237756,-0.059374357797627314,-0.0405211836928482
x_norm,-1.2612349343607008,-0.048801920650429424,-0.057922524751124284,-0.039681316549734565
x_norm,-1.2135353407429554,-0.04674038815257781,-0.055767572886308,-0.037713203418847624
x_norm,-1.16583574712521,-0.04366226766206064,-0.052786783098907226,-0.034537752225214054
x_norm,-1.1181361535074648,-0.03946665358925564,-0.04866542185758751,-0.030267885320923775
x_norm,-1.0704365598897194,-0.034127721203713275,-0.043166032901239666,-0.025089409506186884
x_norm,-1.022736966271974,-0.028048285180773826,-0.03678835657536933,-0.01930821378617832
x_norm,-0.9750373726542287,-0.021783034870021274,-0.03031992375621314,-0.013246145983829406
x_norm,-0.9273377790364834,-0.015886837590483458,-0.02444620404642098,-0.0073274711345459355
x_norm,-0.8796381854187381,-0.010914560661188325,-0.019646249830966238,-0.0021828714914104135
x_norm,-0.8319385918009927,-0.007421036373885535,-0.016247216047767615,0.0014051432999965434
x_norm,-0.7842389981832474,-0.005756958042725004,-0.014438907414921508,0.0029249913294715005
x_norm,-0.736539404565502,-0.005588130610372729,-0.014027400071101304,0.002851138850355847
x_norm,-0.6888398109477567,-0.00643688728781171,-0.014745315367621699,0.0018715407919982783
x_norm,-0.6411402173300114,-0.007825561286024938,-0.016202954612513337,0.0005518320404634611
x_norm,-0.593440623712266,-0.009276485815995395,-0.017820592930676345,-0.000732378701314448
x_norm,-0.5457410300945209,-0.010313846009673085,-0.01890731727415803,-0.0017203747451881388
x_norm,-0.49804143647677535,-0.010722398066316682,-0.01914996014087038,-0.002294835991762988
x_norm,-0.45034184285903,-0.010813885445354336,-0.01902479312842363,-0.0026029777622850383
x_norm,-0.40264224924128467,-0.010963624580659187,-0.019090183491872505,-0.00283706566944587
x_norm,-0.3549426556235393,-0.011546931906104393,-0.019769314957854462,-0.0033245488543543235
x_norm,-0.307243062005794,-0.012939123855563095,-0.021313843074377226,-0.004564404636748962
x_norm,-0.25954346838804865,-0.015502986710323421,-0.023888098231137606,-0.007117875189509236
x_norm,-0.21184387477030375,-0.019146422028674635,-0.027366796054843143,-0.010926048002506128
x_norm,-0.1641442811525584,-0.023204414800419897,-0.03126774303377117,-0.015141086567068624
x_norm,-0.11644468753481307,-0.026975418958263064,-0.03504340267478633,-0.018907435241739795
x_norm,-0.06874509391706773,-0.029757888434908102,-0.03799322547932531,-0.021522551390490897
x_norm,-0.021045500299322395,-0.030850277163058874,-0.039262820914850775,-0.022437733411266973
x_norm,0.026654093318422944,-0.029602454622506904,-0.03801786423830901,-0.021187045006704798
x_norm,0.07435368693616828,-0.02617064031801877,-0.03444198462760981,-0.017899296008427726
x_norm,0.12205328055391362,-0.02135128014669594,-0.029523833467546074,-0.013178726825845807
x_norm,0.16975287417165896,-0.015958455538290887,-0.024200599087555633,-0.0077163119890261405
x_norm,0.2174524677894043,-0.010806247922556272,-0.019245231971406,-0.0023672638737065477
x_norm,0.26515206140714964,-0.006708738729244515,-0.015297367732586869,0.0018798902740978377
x_norm,0.312851655024895,-0.004396375650629899,-0.012925951238544182,0.0041331999372843835
x_norm,0.3605512486426403,-0.003906325711277977,-0.012258617668867267,0.004445966246311312
x_norm,0.40825084226038566,-0.004932960393654883,-0.013197308922603216,0.0033313881352934494
x_norm,0.455950435878131,-0.0071682148765405415,-0.015537812534613334,0.001201382781532252
x_norm,0.5036500294958763,-0.01030402433871481,-0.018894462720215492,-0.0017135859572141258
x_norm,0.5513496231136217,-0.014032323958957617,-0.022759427156008857,-0.005305220761906376
x_norm,0.599049216731367,-0.018061957000342795,-0.026701667677259833,-0.009422246323425757
x_norm,0.6467488103491124,-0.022182480537515908,-0.030654412852483194,-0.01371054822254862
x_norm,0.6944484039668577,-0.026207509339279116,-0.034644128129293655,-0.017770890549264576
x_norm,0.742147997584603,-0.029950662302384683,-0.038561817511064335,-0.02133950709370503
x_norm,0.7898475912023484,-0.03322555832358503,-0.04210606564652023,-0.024345051000649827
x_norm,0.8375471848200937,-0.03584585934654767,-0.044871082617509675,-0.026820636075585675
x_norm,0.885246778437839,-0.03766196247623314,-0.046601193720343395,-0.02872273123212289
x_norm,0.9329463720555844,-0.03862794331295731,-0.04743013855375736,-0.02982574807215726
x_norm,0.9806459656733297,-0.03871603787440295,-0.04752945480553303,-0.02990262094327287
x_norm,1.028345559291075,-0.037898482178252806,-0.046915436375925795,-0.028881527980579812
x_norm,1.0760451529088204,-0.03614751224218964,-0.045419786646722186,-0.0268752378376571
x_norm,1.1237447465265658,-0.0334372854003628,-0.042801157800873346,-0.024073412999852255
x_norm,1.171444340144311,-0.029897939142944942,-0.039145604527422946,-0.02065027375846694
x_norm,1.2191439337620564,-0.025928241743200842,-0.03506675391944088,-0.01678972956696081
x_norm,1.2668435273798018,-0.021953521753229475,-0.03117027521823458,-0.01273676828822437
x_norm,1.314543120997547,-0.018399107725129694,-0.027877431778750968,-0.008920783671508418
x_norm,1.362242714615292,-0.01569032821100039,-0.02543040378263453,-0.005950252639366249
x_norm,1.4099423082330373,-0.014237872733630379,-0.02401988135100517,-0.004455864116255589
x_norm,1.4576419018507827,-0.014064239212404323,-0.023704543793457336,-0.004423934631351311
x_norm,1.5053414954685285,-0.014772768985289352,-0.024364046489896755,-0.005181491480681951
x_norm,1.5530410890862734,-0.01594595992859821,-0.025765994037199078,-0.006125925819997345
x_norm,1.6007406827040191,-0.01716630991864367,-0.027456950880699674,-0.006875668956587663
x_norm,1.648440276321764,-0.01801631683173845,-0.028819329162844392,-0.007213304500632508
x_norm,1.6961398699395098,-0.018097083472616446,-0.02928469552756375,-0.006909471417669143
x_norm,1.7438394635572547,-0.017242141458773737,-0.02875680638461995,-0.0057274765329275255
x_norm,1.7915390571750005,-0.015443017528625952,-0.027367466745919552,-0.003518568311332352
x_norm,1.8392386507927454,-0.012694257702736817,-0.02508971903504858,-0.0002987963704250574
x_norm,1.8869382444104912,-0.008990408001669803,-0.021724765039894754,0.003743949036555146
x_norm,1.934637838028236,-0.004326014445988808,-0.017031044064049684,0.008379015172072067
x_norm,1.9823374316459819,0.0012870236407143,-0.011004194822599483,0.013578242104028082
x_norm,2.0300370252637268,0.007717819181027028,-0.0044420493033821,0.019877687665436156
x_norm,2.0777366188814717,0.014785575379060386,0.001428160402619602,0.02814299035550117
x_norm,2.1254362124992174,0.02230932468849447,0.005846016541338098,0.03877263283565084
x_norm,2.1731358061169623,0.030108099563009208,0.008858484949971854,0.051357714176046565
x_norm,2.2208353997347086,0.038000932456284844,0.010786587014746728,0.06521527789782296
y_norm,-2.1834612740122963,-0.07847587754865493,-0.10419678737961346,-0.05275496771769639
y_norm,-2.140964633642211,-0.07990439219358056,-0.09998190633175848,-0.05982687805540264
y_norm,-2.0984679932721253,-0.08100802219905988,-0.09670552663870881,-0.06531051775941095
y_norm,-2.05597135290204,-0.08183281927752432,-0.0948736434197711,-0.06879199513527755
y_norm,-2.0134747125319548,-0.08242483514140544,-0.09461351422120234,-0.07023615606160855
y_norm,-1.9709780721618693,-0.08283012150313462,-0.09527044811045368,-0.07038979489581557
y_norm,-1.928481431791784,-0.0830946726069735,-0.09588877679383444,-0.07030056842011255
y_norm,-1.8859847914216985,-0.08324768496394853,-0.09592129166678752,-0.07057407826110955
y_norm,-1.8434881510516132,-0.0832783082844252,-0.09543441442578564,-0.07112220214306476
y_norm,-1.8009915106815277,-0.08316985180994013,-0.09468397196350284,-0.07165573165637742
y_norm,-1.7584948703114425,-0.08290562478203,-0.09387261771227982,-0.07193863185178016
y_norm,-1.715998229941357,-0.08246893644223145,-0.09301315491919977,-0.07192471796526313
y_norm,-1.6735015895712717,-0.08184417014582765,-0.0919310870483159,-0.0717572532433394
y_norm,-1.6310049492011862,-0.08107191622808496,-0.09057280342712383,-0.0715710290290461
y_norm,-1.5885083088311007,-0.08027545189175302,-0.08923628660450908,-0.07131461717899695
y_norm,-1.5460116684610155,-0.07958467306826915,-0.08827668619443838,-0.07089265994209992
y_norm,-1.5035150280909302,-0.07912947568907076,-0.08787674283539296,-0.07038220854274857
y_norm,-1.4610183877208447,-0.07903975568559514,-0.08797047171761314,-0.07010903965357713
y_norm,-1.4185217473507592,-0.07943418007198727,-0.0883784146384562,-0.07048994550551833
y_norm,-1.376025106980674,-0.08020560526224578,-0.0889499235109628,-0.07146128701352876
y_norm,-1.3335284666105887,-0.08103775871278493,-0.08959301698587924,-0.07248250043969062
y_norm,-1.2910318262405032,-0.0816064814525105,-0.0901644744675149,-0.0730484884375061
y_norm,-1.2485351858704177,-0.08158761451032824,-0.09033077077594996,-0.07284445824470652
y_norm,-1.2060385455003324,-0.08065699891514393,-0.08957528144219792,-0.07173871638808993
y_norm,-1.163541905130247,-0.07853575318752765,-0.08740905685263925,-0.06966244952241604
y_norm,-1.1210452647601616,-0.07540293260836094,-0.08408244494115477,-0.0667234202755671
y_norm,-1.0785486243900761,-0.07170349291304488,-0.08028018291679911,-0.06312680290929065
y_norm,-1.0360519840199909,-0.06788566511849568,-0.07658905804871255,-0.059182272188278824
y_norm,-0.9935553436499054,-0.06439768024162956,-0.07338661701868648,-0.055408743464572634
y_norm,-0.9510587032798201,-0.061687769299362726,-0.0708969492181948,-0.052478589380530655
y_norm,-0.9085620629097346,-0.06010545628023506,-0.06928960114225279,-0.05092131141821733
y_norm,-0.8660654225396494,-0.05943674309197062,-0.06848143607323559,-0.050392050110705654
y_norm,-0.8235687821695639,-0.05926796560296747,-0.06828949820606928,-0.05024643299986566
y_norm,-0.7810721417994784,-0.0591852257094084,-0.0683980728169537,-0.0499723786018631
y_norm,-0.7385755014293931,-0.05877462530747614,-0.06828804106066973,-0.04926120955428255
y_norm,-0.6960788610593076,-0.057622296223186716,-0.06731789095489733,-0.0479267014914761
y_norm,-0.6535822206892223,-0.0554888013512795,-0.0651128267874538,-0.04586477591510522
y_norm,-0.6110855803191368,-0.05271992161785033,-0.06217943216319543,-0.04326041107250523
y_norm,-0.5685889399490516,-0.049784030546368235,-0.05918912259078117,-0.0403789385019553
y_norm,-0.5260922995789661,-0.04714950166030218,-0.056669105466155376,-0.03762989785444898
y_norm,-0.4835956592088808,-0.045284708483121154,-0.05495528786620548,-0.03561412910003683
y_norm,-0.4410990188387953,-0.044655575785471656,-0.0542779318461343,-0.03503321972480901
y_norm,-0.39860237846871005,-0.04538348116352239,-0.05466712187311912,-0.03609984045392567
y_norm,-0.35610573809862456,-0.04689297898839056,-0.055763525295678136,-0.03802243268110298
y_norm,-0.3136090977285393,-0.04852456253820856,-0.05714645409966842,-0.039902670976748704
y_norm,-0.2711124573584538,-0.04961872509110886,-0.05823493913968575,-0.04100251104253197
y_norm,-0.22861581698836853,-0.04951595992522386,-0.058229204731568535,-0.04080271511887919
y_norm,-0.18611917661828303,-0.04757213426221772,-0.0562408461689249,-0.038903422355510545
y_norm,-0.14362253624819754,-0.04370123877814805,-0.05213221330708068,-0.03527026424921542
y_norm,-0.10112589587811227,-0.03852020746221533,-0.04673380000885442,-0.03030661491557624
y_norm,-0.058629255508027,-0.032690796296423755,-0.040894111024305214,-0.024487481568542295
y_norm,-0.016132615137941286,-0.0268747612627775,-0.03527077221043877,-0.018478750315116234
y_norm,0.026364025232143984,-0.021733858343280933,-0.03032298330104222,-0.013144733385519646
y_norm,0.06886066560222925,-0.017896483868608523,-0.026427630909540242,-0.009365336827676802
y_norm,0.11135730597231452,-0.015467854757632068,-0.023696241794657808,-0.0072394677206063275
y_norm,0.15385394634240024,-0.014137793550866395,-0.022050912914687422,-0.00622467418704537
y_norm,0.1963505867124855,-0.013584680428420362,-0.021357456589022737,-0.005811904267817988
y_norm,0.23884722708257078,-0.013486895570402765,-0.021300280510203228,-0.005673510630602303
y_norm,0.28134386745265605,-0.013522819156922451,-0.021377357374982694,-0.005668280938862208
y_norm,0.32384050782274176,-0.013394771322925126,-0.02108449682162139,-0.005705045824228862
y_norm,0.36633714819282703,-0.013003522115732318,-0.02038924530075398,-0.0056177989307106555
y_norm,0.4088337885629123,-0.012347965976523673,-0.019519769220130025,-0.005176162732917323
y_norm,0.4513304289329976,-0.01142769473250959,-0.018618775007307506,-0.004236614457711672
y_norm,0.4938270693030833,-0.010242300210900446,-0.017625498668291578,-0.002859101753509315
y_norm,0.5363237096731686,-0.00879137423890666,-0.016325433545508347,-0.001257314932304971
y_norm,0.5788203500432538,-0.007097781938900596,-0.014582846113702289,0.0003872822359010965
y_norm,0.6213169904133395,-0.00529548773508619,-0.012681051246143002,0.002090075775970623
y_norm,0.6638136307834248,-0.0035515704960531838,-0.011011839610875504,0.003908698618769137
y_norm,0.7063102711535101,-0.002033114772348073,-0.009814031910311825,0.005747802365615678
y_norm,0.7488069115235954,-0.0009072051145174196,-0.009121182982724818,0.00730677275368998
y_norm,0.7913035518936811,-0.0003407619309361505,-0.008873095156511857,0.008191571294639554
y_norm,0.8338001922637663,-0.00036063080430591367,-0.008999209132390117,0.008277947523778289
y_norm,0.8762968326338516,-0.0005983208970744397,-0.00931258070429063,0.00811593891014175
y_norm,0.9187934730039369,-0.0006160938930535498,-0.009553637197049587,0.008321449410942488
y_norm,0.9612901133740226,2.3788523944945437e-05,-0.009301435635440666,0.009349012683330556
y_norm,1.0037867537441079,0.0017590646701092436,-0.007973276054077263,0.01149140539429575
y_norm,1.0462833941141931,0.005022568138287285,-0.004947206189807385,0.014992342466381956
y_norm,1.0887800344842784,0.00984894746167605,-0.00017578216078424462,0.019873677084136343
y_norm,1.1312766748543641,0.015587092374938823,0.005477839635290456,0.02569634511458719
y_norm,1.1737733152244494,0.021518089717283712,0.011141528769289158,0.03189465066527827
y_norm,1.2162699555945347,0.026923026327919028,0.01612796298967177,0.037718089666166285
y_norm,1.2587665959646204,0.031082989046053056,0.019910783828551278,0.042255194263554834
y_norm,1.3012632363347056,0.033305675660479706,0.022018294444198457,0.044593056876760954
y_norm,1.343759876704791,0.03360444189461315,0.022445322584180964,0.04476356120504534
y_norm,1.3862565170748762,0.032754589801802986,0.02172733135994709,0.04378184824365888
y_norm,1.428753157444962,0.031569310853851854,0.020513659297880356,0.04262496240982335
y_norm,1.4712497978150472,0.030861796522562452,0.019639593004042912,0.042084000041081995
y_norm,1.5137464381851324,0.03144523827973743,0.020097374184308243,0.04279310237516661
y_norm,1.5562430785552177,0.03407151161216703,0.02281315966354534,0.04532986356078872
y_norm,1.5987397189253034,0.03872647983625373,0.027661293326305812,0.04979166634620164
y_norm,1.6412363592953887,0.04487530410566832,0.033841913943583844,0.055908694267752794
y_norm,1.683732999665474,0.0519731949709545,0.040697946023609516,0.06324844391829948
y_norm,1.7262296400355592,0.05947536298265583,0.04781992394500659,0.07113080202030507
y_norm,1.768726280405645,0.06683701869131596,0.05494689822396946,0.07872713915866246
y_norm,1.8112229207757302,0.07357839430573375,0.06179357745263097,0.08536321115883652
y_norm,1.8537195611458155,0.07966556113823436,0.06807526966045105,0.09125585261601768
y_norm,1.8962162015159012,0.08525159885644608,0.07335992005651307,0.09714327765637909
y_norm,1.938712841885986,0.09049022691836595,0.077205264021146,0.1037751898155859
y_norm,1.9812094822560717,0.09553516478199157,0.07951403346844581,0.11155629609553734
y_norm,2.023706122626158,0.10054013190532021,0.08055656629174619,0.12052369751889423
vineyard_frac,0.0,0.0,0.0,0.0
vineyard_frac,0.009898990091651377,0.001368644418578939,0.0012671738702631642,0.0014701149668947136
vineyard_frac,0.019797980183302755,0.002737288837157878,0.0025343477405263284,0.0029402299337894272
vineyard_frac,0.029696970274954132,0.004105933255736817,0.003801521610789493,0.004410344900684141
vineyard_frac,0.03959596036660551,0.005474577674315756,0.005068695481052657,0.0058804598675788545
vineyard_frac,0.04949495045825689,0.006843222092894695,0.006335869351315822,0.007350574834473568
vineyard_frac,0.059393940549908264,0.008211866511473634,0.007603043221578986,0.008820689801368282
vineyard_frac,0.06929293064155964,0.009580510930052572,0.00887021709184215,0.010290804768262994
vineyard_frac,0.07919192073321102,0.010949155348631511,0.010137390962105313,0.011760919735157709
vineyard_frac,0.0890909108248624,0.01231779976721045,0.011404564832368479,0.013231034702052422
vineyard_frac,0.09898990091651377,0.01368644418578939,0.012671738702631644,0.014701149668947136
vineyard_frac,0.10888889100816515,0.015055088604368327,0.013938912572894806,0.01617126463584185
vineyard_frac,0.11878788109981653,0.01642373302294727,0.015206086443157973,0.017641379602736564
vineyard_frac,0.1286868711914679,0.017792377441526206,0.016473260313421136,0.019111494569631276
vineyard_frac,0.13858586128311928,0.019161021860105144,0.0177404341836843,0.020581609536525988
vineyard_frac,0.14848485137477066,0.020529666278684085,0.019007608053947467,0.022051724503420703
vineyard_frac,0.15838384146642204,0.021898310697263022,0.020274781924210627,0.023521839470315418
vineyard_frac,0.16828283155807341,0.02326695511584196,0.02154195579447379,0.02499195443721013
vineyard_frac,0.1781818216497248,0.0246355995344209,0.022809129664736957,0.026462069404104845
vineyard_frac,0.18808081174137617,0.02600424395299984,0.02407630353500012,0.027932184370999556
vineyard_frac,0.19797980183302755,0.02737288837157878,0.025343477405263288,0.02940229933789427
vineyard_frac,0.20787879192467892,0.028741532790157717,0.02661065127552645,0.030872414304788983
vineyard_frac,0.2177777820163303,0.030110177208736655,0.02787782514578961,0.0323425292716837
vineyard_frac,0.22767677210798168,0.03147882162731559,0.029144999016052775,0.03381264423857841
vineyard_frac,0.23757576219963306,0.03284746604589454,0.030412172886315945,0.03528275920547313
vineyard_frac,0.24747475229128443,0.034216110464473475,0.03167934675657911,0.03675287417236784
vineyard_frac,0.2573737423829358,0.03558475488305241,0.03294652062684227,0.03822298913926255
vineyard_frac,0.26727273247458716,0.03695339930163135,0.034213694497105436,0.03969310410615726
vineyard_frac,0.27717172256623857,0.03832204372021029,0.0354808683673686,0.041163219073051975
vineyard_frac,0.28707071265788997,0.03969068813878923,0.03674804223763177,0.042633334039946694
vineyard_frac,0.2969697027495413,0.04105933255736817,0.038015216107894934,0.044103449006841405
vineyard_frac,0.30686869284119267,0.0424279769759471,0.03928238997815809,0.04557356397373611
vineyard_frac,0.3167676829328441,0.043796621394526045,0.040549563848421254,0.047043678940630836
vineyard_frac,0.3266666730244955,0.04516526581310499,0.041816737718684424,0.048513793907525554
vineyard_frac,0.33656566311614683,0.04653391023168392,0.04308391158894758,0.04998390887442026
vineyard_frac,0.3464646532077982,0.04790255465026286,0.044351085459210744,0.05145402384131497
vineyard_frac,0.3563636432994496,0.0492711990688418,0.045618259329473915,0.05292413880820969
vineyard_frac,0.366262633391101,0.050639843487420746,0.046885433199737085,0.05439425377510441
vineyard_frac,0.37616162348275234,0.05200848790599968,0.04815260707000024,0.05586436874199911
vineyard_frac,0.3860606135744037,0.053377132324578615,0.049419780940263405,0.057334483708893824
vineyard_frac,0.3959596036660551,0.05474577674315756,0.050686954810526576,0.05880459867578854
vineyard_frac,0.4058585937577065,0.0561144211617365,0.05195412868078974,0.060274713642683254
vineyard_frac,0.41575758384935785,0.057483065580315434,0.0532213025510529,0.061744828609577966
vineyard_frac,0.4256565739410092,0.05885170999889437,0.054488476421316066,0.06321494357647268
vineyard_frac,0.4355555640326606,0.06022035441747331,0.05575565029157922,0.0646850585433674
vineyard_frac,0.445454554124312,0.061588998836052254,0.05702282416184239,0.06615517351026211
vineyard_frac,0.45535354421596336,0.06295764325463118,0.05828999803210555,0.06762528847715682
vineyard_frac,0.4652525343076147,0.06432628767321012,0.059557171902368714,0.06909540344405153
vineyard_frac,0.4751515243992661,0.06569493209178907,0.06082434577263189,0.07056551841094626
vineyard_frac,0.4850505144909175,0.06706357651036801,0.062091519642895054,0.07203563337784097
vineyard_frac,0.49494950458256887,0.06843222092894695,0.06335869351315822,0.07350574834473568
vineyard_frac,0.5048484946742202,0.06980086534752589,0.06462586738342138,0.07497586331163039
vineyard_frac,0.5147474847658716,0.07116950976610482,0.06589304125368455,0.0764459782785251
vineyard_frac,0.524646474857523,0.07253815418468376,0.06716021512394771,0.07791609324541982
vineyard_frac,0.5345454649491743,0.0739067986032627,0.06842738899421087,0.07938620821231453
vineyard_frac,0.5444444550408257,0.07527544302184164,0.06969456286447404,0.08085632317920924
vineyard_frac,0.5543434451324771,0.07664408744042057,0.0709617367347372,0.08232643814610395
vineyard_frac,0.5642424352241285,0.07801273185899953,0.07222891060500038,0.08379655311299868
vineyard_frac,0.5741414253157799,0.07938137627757846,0.07349608447526354,0.08526666807989339
vineyard_frac,0.5840404154074312,0.08075002069615739,0.07476325834552669,0.08673678304678809
vineyard_frac,0.5939394054990826,0.08211866511473634,0.07603043221578987,0.08820689801368281
vineyard_frac,0.603838395590734,0.08348730953331528,0.07729760608605303,0.08967701298057752
vineyard_frac,0.6137373856823853,0.0848559539518942,0.07856477995631618,0.09114712794747222
vineyard_frac,0.6236363757740367,0.08622459837047315,0.07983195382657934,0.09261724291436696
vineyard_frac,0.6335353658656881,0.08759324278905209,0.08109912769684251,0.09408735788126167
vineyard_frac,0.6434343559573396,0.08896188720763103,0.08236630156710567,0.09555747284815638
vineyard_frac,0.653333346048991,0.09033053162620998,0.08363347543736885,0.09702758781505111
vineyard_frac,0.6632323361406423,0.0916991760447889,0.084900649307632,0.0984977027819458
vineyard_frac,0.6731313262322937,0.09306782046336784,0.08616782317789516,0.09996781774884052
vineyard_frac,0.6830303163239451,0.09443646488194679,0.08743499704815834,0.10143793271573524
vineyard_frac,0.6929293064155964,0.09580510930052571,0.08870217091842149,0.10290804768262994
vineyard_frac,0.7028282965072478,0.09717375371910467,0.08996934478868467,0.10437816264952467
vineyard_frac,0.7127272865988992,0.0985423981376836,0.09123651865894783,0.10584827761641938
vineyard_frac,0.7226262766905506,0.09991104255626254,0.09250369252921099,0.10731839258331409
vineyard_frac,0.732525266782202,0.10127968697484149,0.09377086639947417,0.10878850755020882
vineyard_frac,0.7424242568738533,0.10264833139342042,0.09503804026973732,0.11025862251710351
vineyard_frac,0.7523232469655047,0.10401697581199935,0.09630521414000048,0.11172873748399823
vineyard_frac,0.7622222370571561,0.1053856202305783,0.09757238801026366,0.11319885245089295
vineyard_frac,0.7721212271488074,0.10675426464915723,0.09883956188052681,0.11466896741778765
vineyard_frac,0.7820202172404588,0.10812290906773617,0.10010673575078997,0.11613908238468236
vineyard_frac,0.7919192073321102,0.10949155348631512,0.10137390962105315,0.11760919735157709
vineyard_frac,0.8018181974237616,0.11086019790489406,0.10264108349131632,0.1190793123184718
vineyard_frac,0.811717187515413,0.112228842323473,0.10390825736157948,0.12054942728536651
vineyard_frac,0.8216161776070643,0.11359748674205193,0.10517543123184264,0.12201954225226122
vineyard_frac,0.8315151676987157,0.11496613116063087,0.1064426051021058,0.12348965721915593
vineyard_frac,0.8414141577903671,0.1163347755792098,0.10770977897236897,0.12495977218605064
vineyard_frac,0.8513131478820184,0.11770341999778874,0.10897695284263213,0.12642988715294537
vineyard_frac,0.8612121379736698,0.11907206441636768,0.1102441267128953,0.12790000211984007
vineyard_frac,0.8711111280653212,0.12044070883494662,0.11151130058315845,0.1293701170867348
vineyard_frac,0.8810101181569726,0.12180935325352557,0.11277847445342162,0.13084023205362952
vineyard_frac,0.890909108248624,0.12317799767210451,0.11404564832368479,0.13231034702052422
vineyard_frac,0.9008080983402753,0.12454664209068343,0.11531282219394794,0.1337804619874189
vineyard_frac,0.9107070884319267,0.12591528650926237,0.1165799960642111,0.13525057695431364
vineyard_frac,0.9206060785235781,0.12728393092784132,0.11784716993447428,0.13672069192120836
vineyard_frac,0.9305050686152294,0.12865257534642024,0.11911434380473743,0.13819080688810306
vineyard_frac,0.9404040587068808,0.1300212197649992,0.1203815176750006,0.1396609218549978
vineyard_frac,0.9503030487985322,0.13138986418357815,0.12164869154526378,0.1411310368218925
vineyard_frac,0.9602020388901836,0.13275850860215707,0.12291586541552693,0.1426011517887872
vineyard_frac,0.970101028981835,0.13412715302073602,0.12418303928579011,0.14407126675568194
vineyard_frac,0.9800000190734863,0.13549579743931495,0.12545021315605326,0.14554138172257663
elev,40.023555755615234,0.0022016055171557025,0.001557615803316732,0.0028455952309946733
elev,50.507046709157,0.0027782787058973427,0.0019656068194791004,0.003590950592315585
elev,60.99053766269877,0.003354951894638983,0.0023735978356414686,0.0043363059536364965
elev,71.47402861624053,0.003931625083380622,0.002781588851803836,0.005081661314957409
elev,81.9575195697823,0.004508298272122262,0.0031895798679662047,0.00582701667627832
elev,92.44101052332407,0.005084971460863902,0.003597570884128573,0.006572372037599232
elev,102.92450147686583,0.005661644649605542,0.00400556190029094,0.007317727398920143
elev,113.4079924304076,0.006238317838347182,0.0044135529164533085,0.008063082760241055
elev,123.89148338394936,0.006814991027088822,0.004821543932615677,0.008808438121561967
elev,134.37497433749112,0.007391664215830461,0.005229534948778044,0.009553793482882877
elev,144.8584652910329,0.007968337404572102,0.005637525964940413,0.010299148844203791
elev,155.34195624457465,0.00854501059331374,0.00604551698110278,0.011044504205524702
elev,165.82544719811642,0.00912168378205538,0.006453507997265148,0.011789859566845614
elev,176.3089381516582,0.009698356970797021,0.006861499013427516,0.012535214928166526
elev,186.79242910519997,0.010275030159538661,0.007269490029589884,0.013280570289487438
elev,197.27592005874172,0.0108517033482803,0.007677481045752252,0.014025925650808346
elev,207.7594110122835,0.011428376537021941,0.008085472061914623,0.01477128101212926
elev,218.24290196582527,0.012005049725763581,0.008493463078076989,0.015516636373450174
elev,228.72639291936702,0.01258172291450522,0.008901454094239357,0.016261991734771084
elev,239.2098838729088,0.01315839610324686,0.009309445110401724,0.017007347096091995
elev,249.69337482645057,0.0137350692919885,0.009717436126564092,0.01775270245741291
elev,260.17686577999234,0.01431174248073014,0.010125427142726462,0.01849805781873382
elev,270.66035673353406,0.014888415669471779,0.010533418158888828,0.01924341318005473
elev,281.1438476870759,0.015465088858213422,0.010941409175051198,0.019988768541375646
elev,291.6273386406176,0.01604176204695506,0.011349400191213565,0.020734123902696553
elev,302.1108295941594,0.0166184352356967,0.011757391207375931,0.021479479264017467
elev,312.59432054770116,0.01719510842443834,0.012165382223538301,0.022224834625338377
elev,323.07781150124293,0.01777178161317998,0.012573373239700668,0.02297018998665929
elev,333.5613024547847,0.01834845480192162,0.012981364255863038,0.0237155453479802
elev,344.0447934083264,0.018925127990663256,0.013389355272025403,0.02446090070930111
elev,354.5282843618682,0.019501801179404896,0.01379734628818777,0.025206256070622022
elev,365.01177531541,0.020078474368146536,0.014205337304350139,0.025951611431942932
elev,375.49526626895175,0.02065514755688818,0.01461332832051251,0.02669696679326385
elev,385.9787572224935,0.02123182074562982,0.015021319336674879,0.02744232215458476
elev,396.4622481760353,0.02180849393437146,0.015429310352837247,0.028187677515905674
elev,406.9457391295771,0.0223851671231131,0.015837301368999614,0.028933032877226587
elev,417.4292300831188,0.022961840311854737,0.01624529238516198,0.029678388238547494
elev,427.91272103666057,0.023538513500596377,0.01665328340132435,0.030423743599868405
elev,438.39621199020235,0.024115186689338017,0.017061274417486717,0.03116909896118932
elev,448.8797029437441,0.024691859878079658,0.017469265433649087,0.03191445432251023
elev,459.3631938972859,0.025268533066821298,0.017877256449811453,0.03265980968383114
elev,469.84668485082767,0.025845206255562938,0.018285247465973823,0.033405165045152056
elev,480.3301758043694,0.026421879444304575,0.018693238482136186,0.03415052040647296
elev,490.81366675791116,0.026998552633046215,0.019101229498298556,0.03489587576779388
elev,501.29715771145294,0.027575225821787855,0.019509220514460926,0.035641231129114784
elev,511.7806486649947,0.0281518990105295,0.019917211530623296,0.036386586490435704
elev,522.2641396185365,0.028728572199271142,0.020325202546785666,0.03713194185175662
elev,532.7476305720783,0.02930524538801278,0.020733193562948032,0.037877297213077525
elev,543.23112152562,0.029881918576754415,0.021141184579110395,0.03862265257439844
elev,553.7146124791618,0.03045859176549606,0.021549175595272765,0.03936800793571935
elev,564.1981034327035,0.031035264954237696,0.021957166611435132,0.04011336329704026
elev,574.6815943862454,0.031611938142979336,0.022365157627597502,0.04085871865836117
elev,585.1650853397871,0.032188611331720976,0.022773148643759872,0.04160407401968208
elev,595.6485762933288,0.032765284520462616,0.02318113965992224,0.042349429381002994
elev,606.1320672468706,0.033341957709204256,0.023589130676084605,0.04309478474232391
elev,616.6155582004124,0.033918630897945896,0.023997121692246975,0.043840140103644815
elev,627.0990491539542,0.03449530408668754,0.024405112708409345,0.04458549546496573
elev,637.5825401074959,0.03507197727542918,0.02481310372457171,0.04533085082628664
elev,648.0660310610376,0.03564865046417081,0.025221094740734074,0.04607620618760755
elev,658.5495220145795,0.03622532365291246,0.025629085756896448,0.04682156154892847
elev,669.0330129681212,0.03680199684165409,0.02603707677305881,0.04756691691024937
elev,679.516503921663,0.03737867003039574,0.026445067789221184,0.04831227227157029
elev,689.9999948752047,0.03795534321913737,0.026853058805383547,0.04905762763289119
elev,700.4834858287466,0.03853201640787902,0.027261049821545917,0.04980298299421212
elev,710.9669767822883,0.03910868959662066,0.02766904083770829,0.050548338355533025
elev,721.45046773583,0.03968536278536229,0.02807703185387065,0.05129369371685393
elev,731.9339586893718,0.04026203597410394,0.028485022870033024,0.05203904907817485
elev,742.4174496429135,0.04083870916284557,0.02889301388619539,0.05278440443949575
elev,752.9009405964554,0.04141538235158722,0.029301004902357763,0.05352975980081667
elev,763.3844315499971,0.04199205554032885,0.029708995918520123,0.05427511516213758
elev,773.8679225035389,0.0425687287290705,0.030116986934682496,0.0550204705234585
elev,784.3514134570806,0.04314540191781213,0.030524977950844863,0.0557658258847794
elev,794.8349044106224,0.04372207510655377,0.03093296896700723,0.056511181246100314
elev,805.3183953641642,0.04429874829529541,0.031340959983169596,0.05725653660742123
elev,815.8018863177059,0.04487542148403705,0.03174895099933196,0.05800189196874214
elev,826.2853772712477,0.04545209467277869,0.032156942015494336,0.05874724733006305
elev,836.7688682247895,0.04602876786152033,0.0325649330316567,0.05949260269138396
elev,847.2523591783312,0.04660544105026197,0.03297292404781907,0.060237958052704876
elev,857.735850131873,0.04718211423900361,0.033380915063981435,0.06098331341402579
elev,868.2193410854147,0.04775878742774525,0.03378890608014381,0.0617286687753467
elev,878.7028320389566,0.04833546061648689,0.034196897096306175,0.06247402413666761
elev,889.1863229924983,0.04891213380522853,0.03460488811246854,0.06321937949798853
elev,899.6698139460401,0.04948880699397017,0.03501287912863091,0.06396473485930944
elev,910.1533048995818,0.05006548018271181,0.03542087014479328,0.06471009022063035
elev,920.6367958531235,0.05064215337145345,0.03582886116095564,0.06545544558195125
elev,931.1202868066654,0.051218826560195094,0.036236852177118015,0.06620080094327217
elev,941.6037777602071,0.05179549974893673,0.03664484319328038,0.06694615630459308
elev,952.0872687137489,0.052372172937678374,0.037052834209442755,0.067691511665914
elev,962.5707596672906,0.05294884612642001,0.037460825225605114,0.0684368670272349
elev,973.0542506208325,0.053525519315161654,0.037868816241767495,0.06918222238855581
elev,983.5377415743742,0.054102192503903294,0.038276807257929854,0.06992757774987673
elev,994.0212325279159,0.05467886569264493,0.03868479827409222,0.07067293311119763
elev,1004.5047234814577,0.055255538881386575,0.039092789290254594,0.07141828847251855
elev,1014.9882144349995,0.05583221207012821,0.03950078030641696,0.07216364383383946
elev,1025.4717053885413,0.056408885258869855,0.039908771322579334,0.07290899919516038
elev,1035.9551963420831,0.056985558447611495,0.04031676233874169,0.0736543545564813
elev,1046.4386872956247,0.05756223163635313,0.04072475335490407,0.07439970991780219
elev,1056.9221782491666,0.05813890482509477,0.041132744371066426,0.07514506527912311
elev,1067.4056692027084,0.058715578013836416,0.0415407353872288,0.07589042064044403
elev,1077.88916015625,0.05929225120257804,0.04194872640339116,0.07663577600176492
slope,0.05057235434651375,2.924011737497013e-05,8.881983984495279e-06,4.9598250765444984e-05
slope,0.33857066018713844,0.00019575608000689233,5.9462906567438856e-05,0.0003320492534463458
slope,0.6265689660277631,0.00036227204263881453,0.00011004382915038246,0.0006145002561272466
slope,0.9145672718683878,0.0005287880052707367,0.00016062475173332603,0.0008969512588081474
slope,1.2025655777090125,0.0006953039679026589,0.00021120567431626966,0.0011794022614890483
slope,1.4905638835496373,0.0008618199305345811,0.0002617865968992132,0.001461853264169949
slope,1.778562189390262,0.0010283358931665032,0.00031236751948215665,0.00174430426685085
slope,2.0665604952308865,0.0011948518557984254,0.00036294844206510033,0.0020267552695317505
slope,2.3545588010715113,0.0013613678184303476,0.0004135293646480438,0.0023092062722126516
slope,2.642557106912136,0.00152788378106227,0.0004641102872309877,0.002591657274893552
slope,2.930555412752761,0.0016943997436941922,0.0005146912098139313,0.0028741082775744532
slope,3.2185537185933852,0.0018609157063261142,0.0005652721323968746,0.003156559280255354
slope,3.50655202443401,0.0020274316689580366,0.0006158530549798184,0.003439010282936255
slope,3.794550330274635,0.0021939476315899586,0.0006664339775627618,0.0037214612856171555
slope,4.082548636115259,0.0023604635942218806,0.0007170149001457053,0.004003912288298056
slope,4.370546941955884,0.002526979556853803,0.0007675958227286491,0.004286363290978957
slope,4.658545247796509,0.0026934955194857254,0.0008181767453115927,0.004568814293659858
slope,4.946543553637134,0.0028600114821176474,0.0008687576678945361,0.004851265296340759
slope,5.234541859477758,0.00302652744474957,0.0009193385904774799,0.00513371629902166
slope,5.522540165318383,0.0031930434073814923,0.0009699195130604232,0.005416167301702562
slope,5.810538471159008,0.0033595593700134142,0.001020500435643367,0.005698618304383462
slope,6.098536776999632,0.0035260753326453362,0.0010710813582263108,0.005981069307064362
slope,6.386535082840257,0.003692591295277258,0.0011216622808092542,0.006263520309745262
slope,6.6745333886808815,0.0038591072579091806,0.0011722432033921975,0.006545971312426164
slope,6.962531694521506,0.004025623220541103,0.0012228241259751409,0.006828422315107064
slope,7.250530000362131,0.0041921391831730255,0.001273405048558085,0.007110873317787966
slope,7.538528306202756,0.0043586551458049475,0.0013239859711410285,0.0073933243204688665
slope,7.826526612043381,0.0045251711084368694,0.0013745668937239718,0.007675775323149767
slope,8.114524917884005,0.004691687071068791,0.0014251478163069156,0.007958226325830667
slope,8.40252322372463,0.004858203033700714,0.0014757287388898594,0.008240677328511569
slope,8.690521529565254,0.005024718996332636,0.0015263096614728027,0.00852312833119247
slope,8.97851983540588,0.005191234958964559,0.001576890584055747,0.00880557933387337
slope,9.266518141246504,0.00535775092159648,0.0016274715066386895,0.009088030336554271
slope,9.554516447087128,0.005524266884228402,0.0016780524292216333,0.009370481339235171
slope,9.842514752927753,0.005690782846860325,0.001728633351804577,0.009652932341916073
slope,10.130513058768377,0.005857298809492247,0.0017792142743875208,0.009935383344596973
slope,10.418511364609003,0.00602381477212417,0.0018297951969704646,0.010217834347277875
slope,10.706509670449627,0.006190330734756091,0.0018803761195534075,0.010500285349958775
slope,10.994507976290253,0.006356846697388014,0.0019309570421363513,0.010782736352639676
slope,11.282506282130877,0.006523362660019936,0.0019815379647192943,0.011065187355320577
slope,11.570504587971502,0.006689878622651859,0.002032118887302239,0.01134763835800148
slope,11.858502893812126,0.006856394585283781,0.0020826998098851827,0.01163008936068238
slope,12.14650119965275,0.007022910547915702,0.0021332807324681256,0.011912540363363278
slope,12.434499505493376,0.007189426510547625,0.0021838616550510694,0.01219499136604418
slope,12.722497811334,0.007355942473179547,0.002234442577634013,0.01247744236872508
slope,13.010496117174625,0.0075224584358114695,0.002285023500216957,0.012759893371405982
slope,13.29849442301525,0.0076889743984433915,0.002335604422799901,0.013042344374086882
slope,13.586492728855875,0.007855490361075313,0.0023861853453828437,0.013324795376767784
slope,13.874491034696499,0.008022006323707236,0.0024367662679657884,0.013607246379448684
slope,14.162489340537123,0.008188522286339157,0.0024873471905487304,0.013889697382129584
slope,14.450487646377749,0.00835503824897108,0.0025379281131316742,0.014172148384810486
slope,14.738485952218372,0.008521554211603001,0.002588509035714617,0.014454599387491385
slope,15.026484258058998,0.008688070174234924,0.002639089958297561,0.014737050390172288
slope,15.314482563899622,0.008854586136866847,0.0026896708808805056,0.015019501392853189
slope,15.602480869740248,0.00902110209949877,0.0027402518034634494,0.01530195239553409
slope,15.890479175580872,0.009187618062130691,0.0027908327260463923,0.015584403398214989
slope,16.178477481421496,0.009354134024762612,0.0028414136486293352,0.01586685440089589
slope,16.46647578726212,0.009520649987394535,0.00289199457121228,0.01614930540357679
slope,16.754474093102747,0.009687165950026458,0.0029425754937952237,0.016431756406257693
slope,17.04247239894337,0.00985368191265838,0.0029931564163781675,0.016714207408938593
slope,17.330470704783995,0.010020197875290302,0.0030437373389611104,0.016996658411619493
slope,17.61846901062462,0.010186713837922223,0.0030943182615440533,0.017279109414300393
slope,17.906467316465246,0.010353229800554148,0.003144899184126998,0.017561560416981297
slope,18.19446562230587,0.010519745763186069,0.003195480106709941,0.017844011419662197
slope,18.482463928146494,0.010686261725817991,0.0032460610292928856,0.018126462422343097
slope,18.770462233987118,0.010852777688449913,0.0032966419518758276,0.018408913425023998
slope,19.058460539827742,0.011019293651081834,0.0033472228744587705,0.018691364427704898
slope,19.34645884566837,0.011185809613713758,0.003397803797041715,0.0189738154303858
slope,19.634457151508993,0.01135232557634568,0.003448384719624659,0.0192562664330667
slope,19.922455457349617,0.011518841538977602,0.0034989656422076028,0.019538717435747602
slope,20.21045376319024,0.011685357501609523,0.0035495465647905466,0.019821168438428502
slope,20.49845206903087,0.011851873464241446,0.0036001274873734886,0.020103619441109402
slope,20.786450374871492,0.012018389426873369,0.003650708409956434,0.020386070443790302
slope,21.074448680712116,0.01218490538950529,0.003701289332539376,0.020668521446471202
slope,21.36244698655274,0.012351421352137213,0.00375187025512232,0.020950972449152106
slope,21.650445292393364,0.012517937314769134,0.003802451177705264,0.021233423451833003
slope,21.93844359823399,0.012684453277401057,0.0038530321002882076,0.021515874454513906
slope,22.226441904074616,0.01285096924003298,0.0039036130228711514,0.02179832545719481
slope,22.51444020991524,0.013017485202664901,0.003954193945454093,0.02208077645987571
slope,22.802438515755863,0.013184001165296824,0.004004774868037041,0.022363227462556607
slope,23.09043682159649,0.013350517127928747,0.004055355790619983,0.02264567846523751
slope,23.378435127437115,0.013517033090560668,0.004105936713202925,0.02292812946791841
slope,23.66643343327774,0.01368354905319259,0.004156517635785869,0.02321058047059931
slope,23.954431739118363,0.013850065015824512,0.004207098558368812,0.02349303147328021
slope,24.242430044958986,0.014016580978456435,0.004257679480951758,0.02377548247596111
slope,24.530428350799614,0.014183096941088357,0.0043082604035347,0.024057933478642015
slope,24.818426656640238,0.014349612903720279,0.004358841326117642,0.024340384481322915
slope,25.10642496248086,0.014516128866352201,0.0044094222487005875,0.024622835484003815
slope,25.394423268321486,0.014682644828984123,0.00446000317128353,0.024905286486684716
slope,25.68242157416211,0.014849160791616045,0.004510584093866475,0.025187737489365616
slope,25.970419880002737,0.015015676754247968,0.004561165016449417,0.02547018849204652
slope,26.25841818584336,0.01518219271687989,0.004611745939032361,0.02575263949472742
slope,26.546416491683985,0.015348708679511812,0.004662326861615305,0.02603509049740832
slope,26.83441479752461,0.015515224642143733,0.0047129077841982486,0.02631754150008922
slope,27.122413103365236,0.015681740604775656,0.004763488706781191,0.02659999250277012
slope,27.41041140920586,0.01584825656740758,0.004814069629364138,0.026882443505451024
slope,27.698409715046484,0.016014772530039502,0.004864650551947078,0.027164894508131927
slope,27.986408020887108,0.016181288492671423,0.004915231474530024,0.02744734551081282
slope,28.274406326727732,0.016347804455303344,0.004965812397112966,0.02772979651349372
slope,28.56240463256836,0.01651432041793527,0.00501639331969591,0.028012247516174628
et_mean,36.9429817199707,0.2804608107643839,0.27731030516663885,0.28361131636212894
et_mean,37.95381295560586,0.28813475950087547,0.28489804999326784,0.2913714690084831
et_mean,38.96464419124102,0.29580870823736705,0.29248579481989684,0.29913162165483725
et_mean,39.97547542687619,0.3034826569738587,0.30007353964652583,0.3068917743011915
et_mean,40.986306662511346,0.31115660571035025,0.30766128447315483,0.3146519269475457
et_mean,41.997137898146505,0.31883055444684183,0.31524902929978377,0.3224120795938999
et_mean,43.007969133781664,0.3265045031833334,0.32283677412641276,0.33017223224025405
et_mean,44.01880036941682,0.334178451919825,0.33042451895304176,0.3379323848866082
et_mean,45.02963160505198,0.34185240065631656,0.3380122637796707,0.3456925375329624
et_mean,46.04046284068714,0.34952634939280813,0.3456000086062997,0.3534526901793166
et_mean,47.05129407632231,0.35720029812929976,0.35318775343292874,0.3612128428256708
et_mean,48.062125311957466,0.36487424686579134,0.3607754982595577,0.368972995472025
et_mean,49.072956547592625,0.3725481956022829,0.3683632430861867,0.37673314811837916
et_mean,50.083787783227784,0.3802221443387745,0.37595098791281567,0.3844933007647333
et_mean,51.09461901886294,0.38789609307526607,0.3835387327394446,0.3922534534110875
et_mean,52.1054502544981,0.39557004181175764,0.3911264775660736,0.4000136060574417
et_mean,53.11628149013326,0.4032439905482492,0.39871422239270254,0.4077737587037959
et_mean,54.12711272576843,0.41091793928474085,0.4063019672193316,0.4155339113501501
et_mean,55.137943961403586,0.4185918880212325,0.41388971204596064,0.4232940639965043
et_mean,56.148775197038745,0.42626583675772406,0.4214774568725896,0.43105421664285853
et_mean,57.159606432673904,0.43393978549421564,0.4290652016992186,0.4388143692892127
et_mean,58.17043766830906,0.4416137342307072,0.4366529465258476,0.44657452193556685
et_mean,59.18126890394423,0.44928768296719884,0.44424069135247657,0.4543346745819211
et_mean,60.19210013957938,0.45696163170369036,0.4518284361791055,0.4620948272282752
et_mean,61.20293137521455,0.464635580440182,0.4594161810057345,0.4698549798746295
et_mean,62.213762610849706,0.47230952917667357,0.4670039258323635,0.47761513252098364
et_mean,63.224593846484865,0.47998347791316515,0.4745916706589925,0.4853752851673378
et_mean,64.23542508212003,0.4876574266496568,0.4821794154856215,0.49313543781369207
et_mean,65.24625631775518,0.4953313753861483,0.4897671603122504,0.5008955904600462
et_mean,66.25708755339035,0.5030053241226399,0.4973549051388794,0.5086557431064004
et_mean,67.2679187890255,0.5106792728591315,0.5049426499655084,0.5164158957527546
et_mean,68.27875002466067,0.5183532215956231,0.5125303947921375,0.5241760483991088
et_mean,69.28958126029582,0.5260271703321147,0.5201181396187664,0.5319362010454629
et_mean,70.30041249593098,0.5337011190686063,0.5277058844453955,0.5396963536918171
et_mean,71.31124373156615,0.5413750678050979,0.5352936292720244,0.5474565063381714
et_mean,72.3220749672013,0.5490490165415894,0.5428813740986533,0.5552166589845255
et_mean,73.33290620283647,0.5567229652780811,0.5504691189252824,0.5629768116308798
et_mean,74.34373743847163,0.5643969140145727,0.5580568637519114,0.570736964277234
et_mean,75.35456867410679,0.5720708627510642,0.5656446085785404,0.5784971169235881
et_mean,76.36539990974194,0.5797448114875557,0.5732323534051692,0.5862572695699423
et_mean,77.3762311453771,0.5874187602240474,0.5808200982317983,0.5940174222162965
et_mean,78.38706238101227,0.595092708960539,0.5884078430584273,0.6017775748626507
et_mean,79.39789361664742,0.6027666576970305,0.5959955878850562,0.6095377275090048
et_mean,80.40872485228259,0.6104406064335222,0.6035833327116853,0.617297880155359
et_mean,81.41955608791775,0.6181145551700138,0.6111710775383143,0.6250580328017132
et_mean,82.4303873235529,0.6257885039065053,0.6187588223649432,0.6328181854480674
et_mean,83.44121855918806,0.6334624526429968,0.6263465671915721,0.6405783380944216
et_mean,84.45204979482322,0.6411364013794885,0.6339343120182012,0.6483384907407758
et_mean,85.46288103045839,0.6488103501159801,0.6415220568448302,0.65609864338713
et_mean,86.47371226609354,0.6564842988524716,0.6491098016714592,0.6638587960334841
et_mean,87.48454350172871,0.6641582475889632,0.6566975464980881,0.6716189486798384
et_mean,88.49537473736387,0.6718321963254549,0.6642852913247171,0.6793791013261926
et_mean,89.50620597299903,0.6795061450619464,0.6718730361513461,0.6871392539725467
et_mean,90.51703720863418,0.6871800937984379,0.679460780977975,0.6948994066189008
et_mean,91.52786844426934,0.6948540425349296,0.6870485258046041,0.702659559265255
et_mean,92.53869967990451,0.7025279912714212,0.694636270631233,0.7104197119116094
et_mean,93.54953091553966,0.7102019400079127,0.702224015457862,0.7181798645579635
et_mean,94.56036215117483,0.7178758887444043,0.709811760284491,0.7259400172043177
et_mean,95.57119338681,0.725549837480896,0.71739950511112,0.7337001698506719
et_mean,96.58202462244515,0.7332237862173875,0.724987249937749,0.741460322497026
et_mean,97.5928558580803,0.740897734953879,0.7325749947643779,0.7492204751433801
et_mean,98.60368709371548,0.7485716836903707,0.740162739591007,0.7569806277897345
et_mean,99.61451832935063,0.7562456324268623,0.7477504844176359,0.7647407804360886
et_mean,100.62534956498578,0.7639195811633538,0.7553382292442649,0.7725009330824427
et_mean,101.63618080062095,0.7715935298998454,0.7629259740708939,0.7802610857287969
et_mean,102.64701203625611,0.779267478636337,0.770513718897523,0.7880212383751511
et_mean,103.65784327189127,0.7869414273728286,0.7781014637241518,0.7957813910215054
et_mean,104.66867450752643,0.7946153761093202,0.7856892085507808,0.8035415436678596
et_mean,105.67950574316158,0.8022893248458117,0.7932769533774098,0.8113016963142137
et_mean,106.69033697879675,0.8099632735823034,0.8008646982040388,0.8190618489605679
et_mean,107.7011682144319,0.8176372223187949,0.8084524430306678,0.826822001606922
et_mean,108.71199945006707,0.8253111710552865,0.8160401878572967,0.8345821542532763
et_mean,109.72283068570223,0.8329851197917781,0.8236279326839258,0.8423423068996305
et_mean,110.73366192133739,0.8406590685282697,0.8312156775105547,0.8501024595459846
et_mean,111.74449315697255,0.8483330172647613,0.8388034223371837,0.8578626121923388
et_mean,112.7553243926077,0.8560069660012528,0.8463911671638127,0.8656227648386929
et_mean,113.76615562824287,0.8636809147377444,0.8539789119904417,0.8733829174850471
et_mean,114.77698686387804,0.8713548634742361,0.8615666568170707,0.8811430701314015
et_mean,115.78781809951319,0.8790288122107276,0.8691544016436996,0.8889032227777556
et_mean,116.79864933514835,0.8867027609472193,0.8767421464703288,0.8966633754241099
et_mean,117.8094805707835,0.8943767096837109,0.8843298912969577,0.904423528070464
et_mean,118.82031180641867,0.9020506584202025,0.8919176361235868,0.9121836807168182
et_mean,119.83114304205382,0.909724607156694,0.8995053809502156,0.9199438333631724
et_mean,120.84197427768899,0.9173985558931856,0.9070931257768446,0.9277039860095266
et_mean,121.85280551332416,0.9250725046296773,0.9146808706034737,0.9354641386558809
et_mean,122.86363674895931,0.9327464533661688,0.9222686154301026,0.943224291302235
et_mean,123.87446798459447,0.9404204021026604,0.9298563602567317,0.9509844439485892
et_mean,124.88529922022963,0.948094350839152,0.9374441050833606,0.9587445965949433
et_mean,125.89613045586479,0.9557682995756436,0.9450318499099896,0.9665047492412976
et_mean,126.90696169149994,0.9634422483121351,0.9526195947366185,0.9742649018876517
et_mean,127.91779292713511,0.9711161970486267,0.9602073395632476,0.9820250545340059
et_mean,128.9286241627703,0.9787901457851185,0.9677950843898767,0.9897852071803602
et_mean,129.9394553984054,0.9864640945216098,0.9753828292165054,0.9975453598267141
et_mean,130.9502866340406,0.9941380432581015,0.9829705740431345,1.0053055124730685
et_mean,131.96111786967575,1.001811991994593,0.9905583188697633,1.0130656651194225
et_mean,132.9719491053109,1.0094859407310846,0.9981460636963924,1.0208258177657767
et_mean,133.98278034094608,1.0171598894675762,1.0057338085230214,1.028585970412131
et_mean,134.99361157658123,1.0248338382040678,1.0133215533496505,1.0363461230584852
et_mean,136.00444281221638,1.0325077869405592,1.0209092981762793,1.0441062757048392
et_mean,137.01527404785156,1.040181735677051,1.0284970430029086,1.0518664283511936
