result_id,manuscript_section,metric,value,unit,uncertainty,dataset,analysis_script,model,source_output,timestamp
R010,Results 3.1,mean_prefire_NDMI_vineyard,0.0149855023959798,index,0.077169767107171,S2_SR_HARMONIZED_prefire,src/analysis/25_prefire_ndmi_et.py,zonal_median_composite,outputs/tables/prefire_ndmi_et_summary.json,2026-08-27T18:04:00.663540+00:00
R011,Results 3.1,mean_prefire_NDVI_vineyard,0.4385538602400943,index,,S2_SR_HARMONIZED_prefire,src/analysis/25_prefire_ndmi_et.py,zonal_median_composite,outputs/tables/prefire_ndmi_et_summary.json,2026-08-27T18:04:00.663540+00:00
R012,Results 3.1,pearson_r_NDMI_vs_ETgs,0.5672636518569936,r,0.0,S2_NDMI+OpenET,src/analysis/25_prefire_ndmi_et.py,OLS_linregress,outputs/tables/table_prefire_ndmi_et.csv,2026-08-27T18:04:00.663540+00:00
R013,Results 3.1,pearson_r_AWC_vs_NDMI,0.0278199867878125,r,0.0597284176393759,SSURGO_AWC+S2_NDMI,src/analysis/25_prefire_ndmi_et.py,OLS_linregress,outputs/tables/table_prefire_ndmi_et.csv,2026-08-27T18:04:00.663540+00:00
R020,Results 3.4,mean_potential_smoke_days_per_vineyard,7.78,days,,NOAA_HMS_smoke,src/analysis/38_smoke_exposure.py,daily_polygon_intersection,outputs/tables/smoke_vineyard_summary.json,2026-08-27T18:06:18.575678+00:00
R021,Results 3.4,total_vineyard_hectare_smoke_days,69101.6,ha-days,,NOAA_HMS_smoke,src/analysis/38_smoke_exposure.py,daily_polygon_intersection,outputs/tables/smoke_vineyard_summary.json,2026-08-27T18:06:18.575678+00:00
R022,Results 3.4,n_days_smoke_over_aoi,9.0,days,,NOAA_HMS_smoke,src/analysis/38_smoke_exposure.py,daily_polygon_intersection,outputs/tables/smoke_vineyard_summary.json,2026-08-27T18:06:18.575678+00:00
R040,Results 3.6,aoi_total_road_length_km,1581.9,km,,OSM_drive_network,src/analysis/36_transport_network.py,osmnx_graph,outputs/tables/table_network_metrics.json,2026-08-27T18:25:38.950575+00:00
R041,Results 3.6,median_vineyard_dist_to_major_road_m,719.5,m,,OSM_drive_network,src/analysis/36_transport_network.py,sjoin_nearest,outputs/tables/table_network_metrics.json,2026-08-27T18:25:38.950575+00:00
R042,Results 3.6,frac_deadend_nodes_aoi,0.342,fraction,,OSM_drive_network,src/analysis/36_transport_network.py,degree_distribution,outputs/tables/table_network_metrics.json,2026-08-27T18:25:38.950575+00:00
R043,Results 3.6,median_vineyard_dist_to_nearest_deadend_m,591.6,m,,OSM_drive_network,src/analysis/36_transport_network.py,sjoin_nearest,outputs/tables/table_network_metrics.json,2026-08-27T18:25:38.950575+00:00
R050,Methods 2.x / Data availability,n_opentopography_lidar_datasets_AOI,14.0,datasets,,OpenTopography_catalog,src/analysis/45_lidar_inventory.py,catalog_query,data/raw/lidar/lidar_inventory.json,2026-08-27T18:28:02.627945+00:00
R051,Methods 2.x / Data availability,n_3DEP_LPC_products_AOI,4394.0,products,,USGS_TNM_3DEP,src/analysis/45_lidar_inventory.py,catalog_query,data/raw/lidar/lidar_inventory.json,2026-08-27T18:28:02.627945+00:00
R052,Methods 2.x / Data availability,GEDI_rh98_valid_pixels_in_perimeter,87601.0,pixels_25m,,GEE_LARSE_GEDI_L2A,src/analysis/45_lidar_inventory.py,reduceRegion_count,data/raw/lidar/lidar_inventory.json,2026-08-27T18:28:02.627945+00:00
R001,Results 3.3,RDD_tau_dnbr_h100,-0.0165574465172715,dNBR,0.0030562956309549,S2_dNBR+DWR_vineyards,src/analysis/30_boundary_rdd.py,local_linear_RDD_clusterSE,outputs/tables/table_rdd_bandwidth.csv,2026-08-27T18:38:17.154976+00:00
R002,Results 3.2,n_vineyard_fields,2622.0,fields,,DWR_2019_crop,src/analysis/30_boundary_rdd.py,inventory,outputs/tables/landscape_severity_summary.json,2026-08-27T18:38:17.154976+00:00
R003,Results 3.2,vineyard_area_ha,5798.276601639293,ha,,DWR_2019_crop,src/analysis/30_boundary_rdd.py,inventory,outputs/tables/landscape_severity_summary.json,2026-08-27T18:38:17.154976+00:00
R004,Results 3.3,mean_dnbr_vine_in_perimeter,0.1302146166563034,dNBR,,S2_dNBR,src/analysis/30_boundary_rdd.py,pixel_mean,outputs/tables/landscape_severity_summary.json,2026-08-27T18:38:17.154976+00:00
R005,Results 3.3,mean_dnbr_wild_in_perimeter,0.3371163606643677,dNBR,,S2_dNBR,src/analysis/30_boundary_rdd.py,pixel_mean,outputs/tables/landscape_severity_summary.json,2026-08-27T18:38:17.154976+00:00
R060,4 · Landscape spatial model,pseudo_R2_explained_deviance,0.8977,proportion,,S2 dNBR / 3DEP DEM / DWR-2019 vineyards / OpenET,src/analysis/34_bayesian_spatial.py,LinearGAM penalized spline (pygam 0.12.0),outputs/tables/spatial_model_summary.json,2026-08-27T18:52:13.605659+00:00
R061,4 · Landscape spatial model,r2_classic,0.8977,proportion,,S2 dNBR,src/analysis/34_bayesian_spatial.py,LinearGAM penalized spline,outputs/tables/spatial_model_summary.json,2026-08-27T18:52:13.605659+00:00
R062,4 · Landscape spatial model,rmse_dnbr,0.0546,dNBR units,,S2 dNBR,src/analysis/34_bayesian_spatial.py,LinearGAM penalized spline,outputs/tables/spatial_model_summary.json,2026-08-27T18:52:13.605659+00:00
R063,4 · Landscape spatial model,n_grid_cells_analysis,5097.0,cells,,250 m grid inside Kincade perimeter,src/analysis/34_bayesian_spatial.py,,outputs/tables/spatial_model_summary.json,2026-08-27T18:52:13.605659+00:00
R064,4 · Landscape spatial model,moran_I_residuals,0.5191,Moran I,p_sim=0.0010,GAM residuals,src/analysis/34_bayesian_spatial.py,KNN-8 spatial weights (libpysal/esda),outputs/tables/spatial_model_summary.json,2026-08-27T18:52:13.605659+00:00
R065,4 · Landscape spatial model,coef_vineyard_frac,0.138261,dNBR per unit predictor,"95% CI [0.12801, 0.14851]",spatial GAM,src/analysis/34_bayesian_spatial.py,LinearGAM penalized spline,outputs/tables/table_spatial_gam.csv,2026-08-27T18:52:13.605659+00:00
R066,4 · Landscape spatial model,coef_elev,5.5e-05,dNBR per unit predictor,"95% CI [0.00004, 0.00007]",spatial GAM,src/analysis/34_bayesian_spatial.py,LinearGAM penalized spline,outputs/tables/table_spatial_gam.csv,2026-08-27T18:52:13.605659+00:00
R067,4 · Landscape spatial model,coef_slope,0.000578,dNBR per unit predictor,"95% CI [0.00018, 0.00098]",spatial GAM,src/analysis/34_bayesian_spatial.py,LinearGAM penalized spline,outputs/tables/table_spatial_gam.csv,2026-08-27T18:52:13.605659+00:00
R068,4 · Landscape spatial model,coef_et_mean,0.007592,dNBR per unit predictor,"95% CI [0.00751, 0.00768]",spatial GAM,src/analysis/34_bayesian_spatial.py,LinearGAM penalized spline,outputs/tables/table_spatial_gam.csv,2026-08-27T18:52:13.605659+00:00
R030,Results 3.5,NDVI_drop_2019to2020_inside,-0.0504,NDVI,,S2_NDVI_recovery,src/analysis/40_recovery.py,field_mean_composite,outputs/tables/table_recovery_tests.csv,2026-08-30T21:03:51.534927+00:00
R031,Results 3.5,NDVI_drop_2019to2020_outside,-0.0444,NDVI,0.0006941518629901774,S2_NDVI_recovery,src/analysis/40_recovery.py,field_mean_composite,outputs/tables/table_recovery_tests.csv,2026-08-30T21:03:51.534927+00:00
R032,Results 3.5,recovery_ratio_2021_inside,0.8145,ratio,2.2705400270340276e-10,S2_NDVI_recovery,src/analysis/40_recovery.py,NDVI2021/NDVI2019,outputs/tables/table_recovery_tests.csv,2026-08-30T21:03:51.534927+00:00
R033,Results 3.5,recovery_ratio_2021_outside,0.8543,ratio,,S2_NDVI_recovery,src/analysis/40_recovery.py,NDVI2021/NDVI2019,outputs/tables/table_recovery_tests.csv,2026-08-30T21:03:51.534927+00:00
